Rk,Player,Pos,Squad,Age,Born,MP,Starts,Min,90s,Gls,Ast,G+A,G-PK,PK,PKatt,CrdY,CrdR,Gls.1,Ast.1,G+A.1,G-PK.1,G+A-PK,Matches
1,Che Adams,FW,Scotland,27,1996,3,3,209,2.3,0,0,0,0,0,0,0,0,0.0,0.0,0.0,0,0,Matches
2,Michel Aebischer,MF,Switzerland,27,1997,5,5,476,5.3,1,2,3,1,0,0,0,0,0.19,0.38,0.57,0.19,0.57,Matches
3,Arlind Ajeti,DF,Albania,30,1993,3,3,270,3,0,0,0,0,0,0,0,0,0.0,0.0,0.0,0,0,Matches
4,Manuel Akanji,DF,Switzerland,28,1995,5,5,480,5.3,0,0,0,0,0,0,0,0,0.0,0.0,0.0,0,0,Matches
5,Samet Akaydın,DF,Türkiye,29,1994,4,4,335,3.7,1,0,1,1,0,0,2,0,0.27,0.0,0.27,0.27,0.27,Matches
6,Nathan Aké,DF,Netherlands,28,1995,6,6,470,5.2,0,1,1,0,0,0,1,0,0.0,0.19,0.19,0,0.19,Matches
7,Yunus Akgün,MF,Türkiye,23,2000,1,1,69,0.8,0,0,0,0,0,0,0,0,0.0,0.0,0.0,0,0,Matches
8,Kerem Aktürkoğlu,MF,Türkiye,25,1998,5,1,105,1.2,1,0,1,1,0,0,0,0,0.86,0.0,0.86,0.86,0.86,Matches
9,Trent Alexander-Arnold,MF,England,25,1998,4,2,134,1.5,0,0,0,0,0,0,0,0,0.0,0.0,0.0,0,0,Matches
10,Denis Alibec,FW,Romania,33,1991,2,0,29,0.3,0,0,0,0,0,0,0,0,0.0,0.0,0.0,0,0,Matches
11,Barış Alper Yılmaz,FW,Türkiye,23,2000,5,5,450,5,0,0,0,0,0,0,0,0,0.0,0.0,0.0,0,0,Matches
12,Sandro Altunashvili,MF,Georgia,26,1997,2,0,52,0.6,0,0,0,0,0,0,0,0,0.0,0.0,0.0,0,0,Matches
13,Zeki Amdouni,"FW,MF",Switzerland,23,2000,4,0,57,0.6,0,0,0,0,0,0,0,0,0.0,0.0,0.0,0,0,Matches
14,Joachim Andersen,DF,Denmark,27,1996,4,4,360,4,0,0,0,0,0,0,1,0,0.0,0.0,0.0,0,0,Matches
15,Robert Andrich,MF,Germany,29,1994,5,4,318,3.5,0,0,0,0,0,0,2,0,0.0,0.0,0.0,0,0,Matches
16,Waldemar Anton,"DF,MF",Germany,27,1996,2,0,33,0.4,0,0,0,0,0,0,0,0,0.0,0.0,0.0,0,0,Matches
17,Stuart Armstrong,MF,Scotland,31,1992,1,0,15,0.2,0,0,0,0,0,0,0,0,0.0,0.0,0.0,0,0,Matches
18,Marko Arnautović,FW,Austria,34,1989,4,3,279,3.1,1,0,1,0,1,1,1,0,0.32,0.0,0.32,0,0,Matches
19,Jasir Asani,MF,Albania,28,1995,3,3,210,2.3,0,1,1,0,0,0,0,0,0.0,0.43,0.43,0,0.43,Matches
20,Kristjan Asllani,MF,Albania,21,2002,3,3,270,3,0,0,0,0,0,0,0,0,0.0,0.0,0.0,0,0,Matches
21,Kaan Ayhan,"MF,DF",Türkiye,29,1994,5,4,358,4,0,1,1,0,0,0,1,0,0.0,0.25,0.25,0,0.25,Matches
22,Alex Baena,"FW,MF",Spain,22,2001,2,0,27,0.3,0,0,0,0,0,0,0,0,0.0,0.0,0.0,0,0,Matches
23,Alexander Bah,MF,Denmark,26,1997,4,3,281,3.1,0,0,0,0,0,0,0,0,0.0,0.0,0.0,0,0,Matches
24,Nedim Bajrami,MF,Albania,24,1999,3,3,245,2.7,1,0,1,1,0,0,1,0,0.37,0.0,0.37,0.37,0.37,Matches
25,Johan Bakayoko,"FW,MF",Belgium,20,2003,2,0,48,0.5,0,0,0,0,0,0,0,0,0.0,0.0,0.0,0,0,Matches
26,Jure Balkovec,DF,Slovenia,29,1994,2,1,121,1.3,0,0,0,0,0,0,1,0,0.0,0.0,0.0,0,0,Matches
27,Iván Balliu,DF,Albania,32,1992,1,1,90,1,0,0,0,0,0,0,0,0,0.0,0.0,0.0,0,0,Matches
28,Nicușor Bancu,DF,Romania,31,1992,3,3,270,3,0,0,0,0,0,0,2,0,0.0,0.0,0.0,0,0,Matches
29,Antonín Barák,MF,Czechia,29,1994,3,1,41,0.5,0,0,0,0,0,0,2,1,0.0,0.0,0.0,0,0,Matches
30,Bradley Barcola,FW,France,21,2002,3,1,103,1.1,0,0,0,0,0,0,0,0,0.0,0.0,0.0,0,0,Matches
31,Abdülkerim Bardakcı,DF,Türkiye,29,1994,4,4,360,4,0,0,0,0,0,0,2,0,0.0,0.0,0.0,0,0,Matches
32,Nicolò Barella,MF,Italy,26,1997,4,4,332,3.7,1,0,1,1,0,0,1,0,0.27,0.0,0.27,0.27,0.27,Matches
33,Alessandro Bastoni,DF,Italy,24,1999,4,4,360,4,1,0,1,1,0,0,0,0,0.25,0.0,0.25,0.25,0.25,Matches
34,Martin Baturina,MF,Croatia,20,2003,1,0,7,0.1,0,0,0,0,0,0,0,0,0.0,0.0,0.0,0,0,Matches
35,Christoph Baumgartner,MF,Austria,24,1999,4,3,289,3.2,1,1,2,1,0,0,1,0,0.31,0.31,0.62,0.31,0.62,Matches
36,Altay Bayındır,GK,Türkiye,25,1998,1,1,90,1,0,0,0,0,0,0,0,0,0.0,0.0,0.0,0,0,Matches
37,Jan Bednarek,DF,Poland,27,1996,3,3,270,3,0,0,0,0,0,0,0,0,0.0,0.0,0.0,0,0,Matches
38,Maximilian Beier,"FW,MF",Germany,21,2002,1,0,26,0.3,0,0,0,0,0,0,0,0,0.0,0.0,0.0,0,0,Matches
39,Jude Bellingham,"MF,FW",England,20,2003,7,7,670,7.4,2,1,3,2,0,0,2,0,0.27,0.13,0.4,0.27,0.4,Matches
40,László Bénes,MF,Slovakia,26,1997,2,0,71,0.8,0,0,0,0,0,0,0,0,0.0,0.0,0.0,0,0,Matches
41,Bartosz Bereszyński,"DF,FW",Poland,31,1992,1,0,5,0.1,0,0,0,0,0,0,0,0,0.0,0.0,0.0,0,0,Matches
42,Steven Bergwijn,MF,Netherlands,26,1997,2,2,90,1,0,0,0,0,0,0,0,0,0.0,0.0,0.0,0,0,Matches
43,Medon Berisha,FW,Albania,20,2003,1,0,21,0.2,0,0,0,0,0,0,1,0,0.0,0.0,0.0,0,0,Matches
44,Victor Bernth Kristiansen,MF,Denmark,21,2002,4,2,156,1.7,0,1,1,0,0,0,0,0,0.0,0.58,0.58,0,0.58,Matches
45,Matúš Bero,"FW,MF",Slovakia,28,1995,2,0,41,0.5,0,0,0,0,0,0,0,0,0.0,0.0,0.0,0,0,Matches
46,Jaka Bijol,DF,Slovenia,24,1999,4,4,390,4.3,0,0,0,0,0,0,2,0,0.0,0.0,0.0,0,0,Matches
47,Veljko Birmančević,"FW,MF",Serbia,25,1998,2,0,26,0.3,0,0,0,0,0,0,0,0,0.0,0.0,0.0,0,0,Matches
48,Daley Blind,"DF,MF",Netherlands,33,1990,1,0,1,0,0,0,0,0,0,0,0,0,0.0,0.0,0.0,0,0,Matches
49,Bendegúz Bolla,MF,Hungary,24,1999,3,2,204,2.3,0,0,0,0,0,0,1,0,0.0,0.0,0.0,0,0,Matches
50,Endre Botka,DF,Hungary,29,1994,1,1,90,1,0,0,0,0,0,0,0,0,0.0,0.0,0.0,0,0,Matches
51,Jarrod Bowen,"FW,MF",England,27,1996,2,0,37,0.4,0,0,0,0,0,0,0,0,0.0,0.0,0.0,0,0,Matches
52,Róbert Boženík,FW,Slovakia,24,1999,4,2,208,2.3,0,0,0,0,0,0,0,0,0.0,0.0,0.0,0,0,Matches
53,Volodymyr Brazhko,MF,Ukraine,22,2002,3,2,182,2,0,0,0,0,0,0,0,0,0.0,0.0,0.0,0,0,Matches
54,David Brekalo,DF,Slovenia,25,1998,2,0,2,0,0,0,0,0,0,0,0,0,0.0,0.0,0.0,0,0,Matches
55,Brian Brobbey,FW,Netherlands,21,2002,1,0,1,0,0,0,0,0,0,0,0,0,0.0,0.0,0.0,0,0,Matches
56,Armando Broja,FW,Albania,22,2001,2,1,108,1.2,0,0,0,0,0,0,1,0,0.0,0.0,0.0,0,0,Matches
57,Marcelo Brozović,MF,Croatia,31,1992,3,3,225,2.5,0,0,0,0,0,0,1,0,0.0,0.0,0.0,0,0,Matches
58,Jacob Bruun Larsen,"FW,MF",Denmark,25,1998,1,0,10,0.1,0,0,0,0,0,0,0,0,0.0,0.0,0.0,0,0,Matches
59,Ante Budimir,FW,Croatia,32,1991,3,1,122,1.4,0,1,1,0,0,0,0,0,0.0,0.74,0.74,0,0.74,Matches
60,Adam Buksa,FW,Poland,27,1996,2,2,149,1.7,1,0,1,1,0,0,0,0,0.6,0.0,0.6,0.6,0.6,Matches
61,Andrei Burcă,DF,Romania,30,1993,4,4,360,4,0,0,0,0,0,0,1,0,0.0,0.0,0.0,0,0,Matches
62,Riccardo Calafiori,DF,Italy,21,2002,3,3,270,3,0,1,1,0,0,0,2,0,0.0,0.33,0.33,0,0.33,Matches
63,Hakan Çalhanoğlu,MF,Türkiye,29,1994,4,4,355,3.9,1,0,1,1,0,0,2,0,0.25,0.0,0.25,0.25,0.25,Matches
64,Eduardo Camavinga,MF,France,21,2002,4,1,169,1.9,0,0,0,0,0,0,1,0,0.0,0.0,0.0,0,0,Matches
65,Andrea Cambiaso,"DF,MF",Italy,23,2000,3,0,76,0.8,0,0,0,0,0,0,0,0,0.0,0.0,0.0,0,0,Matches
66,Emre Can,MF,Germany,30,1994,4,1,102,1.1,1,0,1,1,0,0,0,0,0.88,0.0,0.88,0.88,0.88,Matches
67,João Cancelo,"DF,MF",Portugal,29,1994,4,4,345,3.8,0,0,0,0,0,0,1,0,0.0,0.0,0.0,0,0,Matches
68,Yannick Carrasco,"MF,DF",Belgium,30,1993,4,2,218,2.4,0,0,0,0,0,0,0,0,0.0,0.0,0.0,0,0,Matches
69,Dani Carvajal,DF,Spain,32,1992,5,5,469,5.2,1,0,1,1,0,0,3,1,0.19,0.0,0.19,0.19,0.19,Matches
70,Timothy Castagne,DF,Belgium,28,1995,4,4,357,4,0,0,0,0,0,0,0,0,0.0,0.0,0.0,0,0,Matches
71,Koen Casteels,GK,Belgium,31,1992,4,4,360,4,0,0,0,0,0,0,0,0,0.0,0.0,0.0,0,0,Matches
72,Žan Celar,FW,Slovenia,24,1999,3,0,67,0.7,0,0,0,0,0,0,1,0,0.0,0.0,0.0,0,0,Matches
73,Zeki Çelik,DF,Türkiye,26,1997,3,1,105,1.2,0,0,0,0,0,0,1,0,0.0,0.0,0.0,0,0,Matches
74,Václav Černý,MF,Czechia,26,1997,1,1,54,0.6,0,0,0,0,0,0,0,0,0.0,0.0,0.0,0,0,Matches
75,Giorgi Chakvetadze,MF,Georgia,24,1999,4,3,244,2.7,0,0,0,0,0,0,0,0,0.0,0.0,0.0,0,0,Matches
76,Federico Chiesa,"MF,FW",Italy,26,1997,4,3,263,2.9,0,0,0,0,0,0,0,0,0.0,0.0,0.0,0,0,Matches
77,Tomáš Chorý,FW,Czechia,29,1995,2,0,36,0.4,0,0,0,0,0,0,0,1,0.0,0.0,0.0,0,0,Matches
78,Andreas Christensen,DF,Denmark,27,1996,4,4,350,3.9,0,0,0,0,0,0,0,0,0.0,0.0,0.0,0,0,Matches
79,Ryan Christie,MF,Scotland,28,1995,3,1,99,1.1,0,0,0,0,0,0,0,0,0.0,0.0,0.0,0,0,Matches
80,Mojmir Chytil,FW,Czechia,24,1999,3,1,107,1.2,0,0,0,0,0,0,0,0,0.0,0.0,0.0,0,0,Matches
81,Alexandru Cicâldău,MF,Romania,26,1997,1,0,19,0.2,0,0,0,0,0,0,0,0,0.0,0.0,0.0,0,0,Matches
82,Florinel Coman,MF,Romania,25,1998,2,2,118,1.3,0,0,0,0,0,0,0,0,0.0,0.0,0.0,0,0,Matches
83,Kingsley Coman,"FW,MF",France,27,1996,1,0,16,0.2,0,0,0,0,0,0,0,0,0.0,0.0,0.0,0,0,Matches
84,Francisco Conceição,MF,Portugal,21,2002,4,1,182,2,1,0,1,1,0,0,1,0,0.49,0.0,0.49,0.49,0.49,Matches
85,Diogo Costa,GK,Portugal,24,1999,5,5,510,5.7,0,0,0,0,0,0,0,0,0.0,0.0,0.0,0,0,Matches
86,Vladimír Coufal,MF,Czechia,31,1992,3,3,270,3,0,1,1,0,0,0,1,0,0.0,0.33,0.33,0,0.33,Matches
87,Bryan Cristante,MF,Italy,28,1995,3,1,133,1.5,0,0,0,0,0,0,1,0,0.0,0.0,0.0,0,0,Matches
88,Kevin Csoboth,FW,Hungary,23,2000,2,0,9,0.1,1,0,1,1,0,0,2,0,10.0,0.0,10.0,10,10,Matches
89,Marc Cucurella,DF,Spain,25,1998,6,6,545,6.1,0,1,1,0,0,0,0,0,0.0,0.17,0.17,0,0.17,Matches
90,Mirlind Daku,FW,Albania,26,1998,1,0,6,0.1,0,0,0,0,0,0,1,0,0.0,0.0,0.0,0,0,Matches
91,Diogo Dalot,MF,Portugal,24,1999,2,2,152,1.7,0,0,0,0,0,0,0,0,0.0,0.0,0.0,0,0,Matches
92,Mikkel Damsgaard,"FW,MF",Denmark,23,2000,1,0,34,0.4,0,0,0,0,0,0,0,0,0.0,0.0,0.0,0,0,Matches
93,Kevin Danso,DF,Austria,25,1998,3,2,212,2.4,0,0,0,0,0,0,1,0,0.0,0.0,0.0,0,0,Matches
94,Márton Dárdai,DF,Hungary,21,2002,3,2,175,1.9,0,0,0,0,0,0,0,0,0.0,0.0,0.0,0,0,Matches
95,Matteo Darmian,DF,Italy,34,1989,3,2,161,1.8,0,0,0,0,0,0,0,0,0.0,0.0,0.0,0,0,Matches
96,Zuriko Davitashvili,FW,Georgia,22,2001,4,1,115,1.3,0,0,0,0,0,0,1,0,0.0,0.0,0.0,0,0,Matches
97,Paweł Dawidowicz,DF,Poland,28,1995,2,2,180,2,0,0,0,0,0,0,1,0,0.0,0.0,0.0,0,0,Matches
98,Kevin De Bruyne,MF,Belgium,32,1991,4,4,360,4,1,0,1,1,0,0,0,0,0.25,0.0,0.25,0.25,0.25,Matches
99,Charles De Ketelaere,"FW,MF",Belgium,22,2001,1,0,3,0,0,0,0,0,0,0,0,0,0.0,0.0,0.0,0,0,Matches
100,Zeno Debast,DF,Belgium,20,2003,2,1,104,1.2,0,0,0,0,0,0,0,0,0.0,0.0,0.0,0,0,Matches
101,Thomas Delaney,MF,Denmark,32,1991,3,1,84,0.9,0,0,0,0,0,0,0,0,0.0,0.0,0.0,0,0,Matches
102,Ousmane Dembélé,"FW,MF",France,26,1997,5,4,361,4,0,0,0,0,0,0,1,0,0.0,0.0,0.0,0,0,Matches
103,Merih Demiral,DF,Türkiye,25,1998,4,2,208,2.3,2,0,2,2,0,0,0,0,0.87,0.0,0.87,0.87,0.87,Matches
104,Giovanni Di Lorenzo,"DF,MF",Italy,30,1993,4,4,360,4,0,0,0,0,0,0,0,0,0.0,0.0,0.0,0,0,Matches
105,Rúben Dias,DF,Portugal,26,1997,4,4,420,4.7,0,0,0,0,0,0,0,0,0.0,0.0,0.0,0,0,Matches
106,Federico Dimarco,"DF,MF",Italy,26,1997,3,3,228,2.5,0,0,0,0,0,0,0,0,0.0,0.0,0.0,0,0,Matches
107,Berat Djimsiti,DF,Albania,30,1993,3,3,270,3,0,0,0,0,0,0,0,0,0.0,0.0,0.0,0,0,Matches
108,Jeremy Doku,MF,Belgium,21,2002,4,4,320,3.6,0,0,0,0,0,0,0,0,0.0,0.0,0.0,0,0,Matches
109,Kasper Dolberg,FW,Denmark,26,1997,2,0,40,0.4,0,0,0,0,0,0,0,0,0.0,0.0,0.0,0,0,Matches
110,Gianluigi Donnarumma,GK,Italy,24,1999,4,4,360,4,0,0,0,0,0,0,1,0,0.0,0.0,0.0,0,0,Matches
111,David Doudera,MF,Czechia,25,1998,1,1,90,1,0,0,0,0,0,0,0,0,0.0,0.0,0.0,0,0,Matches
112,Artem Dovbyk,FW,Ukraine,26,1997,3,3,246,2.7,0,0,0,0,0,0,1,0,0.0,0.0,0.0,0,0,Matches
113,Denis Drăguș,FW,Romania,24,1999,4,4,291,3.2,1,0,1,1,0,0,0,0,0.31,0.0,0.31,0.31,0.31,Matches
114,Radu Drăgușin,DF,Romania,21,2002,4,4,360,4,0,0,0,0,0,0,0,0,0.0,0.0,0.0,0,0,Matches
115,Vanja Drkušič,DF,Slovenia,24,1999,4,4,390,4.3,0,0,0,0,0,0,1,0,0.0,0.0,0.0,0,0,Matches
116,Kwadwo Duah,FW,Switzerland,26,1997,3,1,107,1.2,1,0,1,1,0,0,0,0,0.84,0.0,0.84,0.84,0.84,Matches
117,Martin Dúbravka,GK,Slovakia,35,1989,4,4,390,4.3,0,0,0,0,0,0,0,0,0.0,0.0,0.0,0,0,Matches
118,Ondrej Duda,MF,Slovakia,29,1994,4,4,317,3.5,1,0,1,1,0,0,1,0,0.28,0.0,0.28,0.28,0.28,Matches
119,Denzel Dumfries,DF,Netherlands,27,1996,5,5,449,5,0,0,0,0,0,0,2,0,0.0,0.0,0.0,0,0,Matches
120,Dávid Ďuriš,FW,Slovakia,24,1999,2,0,23,0.3,0,0,0,0,0,0,0,0,0.0,0.0,0.0,0,0,Matches
121,Lasha Dvali,DF,Georgia,28,1995,4,4,360,4,0,0,0,0,0,0,0,0,0.0,0.0,0.0,0,0,Matches
122,Timi Elšnik,MF,Slovenia,25,1998,4,4,359,4,0,1,1,0,0,0,0,0,0.0,0.25,0.25,0,0.25,Matches
123,Breel Embolo,FW,Switzerland,26,1997,5,3,296,3.3,2,0,2,2,0,0,0,0,0.61,0.0,0.61,0.61,0.61,Matches
124,Christian Eriksen,MF,Denmark,31,1992,4,4,348,3.9,1,0,1,1,0,0,0,0,0.26,0.0,0.26,0.26,0.26,Matches
125,Eberechi Eze,"FW,MF",England,25,1998,3,0,102,1.1,0,0,0,0,0,0,0,0,0.0,0.0,0.0,0,0,Matches
126,Wout Faes,DF,Belgium,25,1998,4,4,360,4,0,0,0,0,0,0,1,0,0.0,0.0,0.0,0,0,Matches
127,Nicolò Fagioli,MF,Italy,22,2001,2,1,95,1.1,0,0,0,0,0,0,1,0,0.0,0.0,0.0,0,0,Matches
128,João Félix,MF,Portugal,24,1999,2,1,105,1.2,0,0,0,0,0,0,0,0,0.0,0.0,0.0,0,0,Matches
129,Bruno Fernandes,MF,Portugal,29,1994,4,4,374,4.2,1,0,1,1,0,0,0,0,0.24,0.0,0.24,0.24,0.24,Matches
130,Attila Fiola,"MF,DF",Hungary,33,1990,2,2,180,2,0,0,0,0,0,0,0,0,0.0,0.0,0.0,0,0,Matches
131,Phil Foden,"MF,FW",England,23,2000,7,7,617,6.9,0,0,0,0,0,0,1,0,0.0,0.0,0.0,0,0,Matches
132,Youssouf Fofana,MF,France,25,1999,3,0,41,0.5,0,0,0,0,0,0,0,0,0.0,0.0,0.0,0,0,Matches
133,Michael Folorunsho,"FW,MF",Italy,25,1998,1,0,1,0,0,0,0,0,0,0,0,0,0.0,0.0,0.0,0,0,Matches
134,Przemysław Frankowski,"MF,DF",Poland,28,1995,3,3,270,3,0,0,0,0,0,0,0,0,0.0,0.0,0.0,0,0,Matches
135,Davide Frattesi,MF,Italy,24,1999,4,2,185,2.1,0,0,0,0,0,0,0,0,0.0,0.0,0.0,0,0,Matches
136,Remo Freuler,MF,Switzerland,31,1992,5,5,456,5.1,1,2,3,1,0,0,1,0,0.2,0.39,0.59,0.2,0.59,Matches
137,Jeremie Frimpong,MF,Netherlands,23,2000,3,1,86,1,0,0,0,0,0,0,0,0,0.0,0.0,0.0,0,0,Matches
138,Chris Führich,"FW,MF",Germany,26,1998,1,0,19,0.2,0,0,0,0,0,0,0,0,0.0,0.0,0.0,0,0,Matches
139,Niclas Füllkrug,FW,Germany,30,1993,5,0,166,1.8,2,0,2,2,0,0,0,0,1.08,0.0,1.08,1.08,1.08,Matches
140,Mijat Gaćinović,MF,Serbia,28,1995,1,0,45,0.5,0,0,0,0,0,0,1,0,0.0,0.0,0.0,0,0,Matches
141,Cody Gakpo,MF,Netherlands,24,1999,6,6,523,5.8,3,1,4,3,0,0,0,0,0.52,0.17,0.69,0.52,0.69,Matches
142,Conor Gallagher,MF,England,23,2000,5,1,120,1.3,0,0,0,0,0,0,1,0,0.0,0.0,0.0,0,0,Matches
143,Dániel Gazdag,"FW,MF",Hungary,27,1996,1,0,4,0,0,0,0,0,0,0,0,0,0.0,0.0,0.0,0,0,Matches
144,Lutsharel Geertruida,DF,Netherlands,23,2000,2,1,108,1.2,0,0,0,0,0,0,0,0,0.0,0.0,0.0,0,0,Matches
145,Billy Gilmour,MF,Scotland,22,2001,3,2,184,2,0,0,0,0,0,0,0,0,0.0,0.0,0.0,0,0,Matches
146,Olivier Giroud,FW,France,37,1986,4,0,59,0.7,0,0,0,0,0,0,0,0,0.0,0.0,0.0,0,0,Matches
147,Klaus Gjasula,"DF,MF",Albania,34,1989,1,0,19,0.2,1,0,1,1,0,0,1,0,4.74,0.0,4.74,4.74,4.74,Matches
148,Adam Gnezda Čerin,MF,Slovenia,24,1999,4,4,390,4.3,0,0,0,0,0,0,0,0,0.0,0.0,0.0,0,0,Matches
149,Anthony Gordon,"FW,MF",England,22,2001,1,0,2,0,0,0,0,0,0,0,0,0,0.0,0.0,0.0,0,0,Matches
150,Jon Gorenc Stanković,"DF,MF",Slovenia,28,1996,4,0,94,1,0,0,0,0,0,0,1,0,0.0,0.0,0.0,0,0,Matches
151,Michael Gregoritsch,FW,Austria,29,1994,4,1,126,1.4,1,0,1,1,0,0,0,0,0.71,0.0,0.71,0.71,0.71,Matches
152,Antoine Griezmann,"MF,FW",France,32,1991,6,4,394,4.4,0,0,0,0,0,0,1,0,0.0,0.0,0.0,0,0,Matches
153,Florian Grillitsch,MF,Austria,28,1995,4,3,194,2.2,0,1,1,0,0,0,0,0,0.0,0.46,0.46,0,0.46,Matches
154,Álex Grimaldo,DF,Spain,28,1995,2,1,115,1.3,0,0,0,0,0,0,0,0,0.0,0.0,0.0,0,0,Matches
155,Pascal Groß,"DF,FW",Germany,32,1991,1,0,45,0.5,0,0,0,0,0,0,0,0,0.0,0.0,0.0,0,0,Matches
156,Kamil Grosicki,"FW,MF",Poland,35,1988,1,0,16,0.2,0,0,0,0,0,0,0,0,0.0,0.0,0.0,0,0,Matches
157,Nemanja Gudelj,MF,Serbia,32,1991,2,2,90,1,0,0,0,0,0,0,1,0,0.0,0.0,0.0,0,0,Matches
158,Marc Guéhi,DF,England,23,2000,6,6,570,6.3,0,1,1,0,0,0,2,0,0.0,0.16,0.16,0,0.16,Matches
159,Péter Gulácsi,GK,Hungary,33,1990,3,3,270,3,0,0,0,0,0,0,0,0,0.0,0.0,0.0,0,0,Matches
160,Arda Güler,"MF,FW",Türkiye,18,2005,5,4,340,3.8,1,2,3,1,0,0,1,0,0.26,0.53,0.79,0.26,0.79,Matches
161,İlkay Gündoğan,MF,Germany,33,1990,5,5,383,4.3,1,1,2,1,0,0,0,0,0.23,0.23,0.47,0.23,0.47,Matches
162,Angus Gunn,GK,Scotland,28,1996,3,3,270,3,0,0,0,0,0,0,0,0,0.0,0.0,0.0,0,0,Matches
163,Mert Günok,GK,Türkiye,34,1989,4,4,360,4,0,0,0,0,0,0,1,0,0.0,0.0,0.0,0,0,Matches
164,Joško Gvardiol,DF,Croatia,22,2002,3,3,270,3,0,0,0,0,0,0,0,0,0.0,0.0,0.0,0,0,Matches
165,Giorgi Gwelesiani,DF,Georgia,32,1991,3,2,162,1.8,0,0,0,0,0,0,1,0,0.0,0.0,0.0,0,0,Matches
166,Norbert Gyömbér,"DF,MF",Slovakia,31,1992,2,0,32,0.4,0,0,0,0,0,0,1,0,0.0,0.0,0.0,0,0,Matches
167,Ianis Hagi,MF,Romania,25,1998,4,2,188,2.1,0,0,0,0,0,0,0,0,0.0,0.0,0.0,0,0,Matches
168,Dávid Hancko,DF,Slovakia,26,1997,4,4,366,4.1,0,0,0,0,0,0,0,0,0.0,0.0,0.0,0,0,Matches
169,Grant Hanley,DF,Scotland,32,1991,3,2,225,2.5,0,0,0,0,0,0,0,0,0.0,0.0,0.0,0,0,Matches
170,Lukáš Haraslín,FW,Slovakia,27,1996,4,4,264,2.9,0,1,1,0,0,0,0,0,0.0,0.34,0.34,0,0.34,Matches
171,Kai Havertz,FW,Germany,24,1999,5,5,389,4.3,2,1,3,0,2,2,0,0,0.46,0.23,0.69,0,0.23,Matches
172,Jack Hendry,DF,Scotland,28,1995,3,3,261,2.9,0,0,0,0,0,0,0,0,0.0,0.0,0.0,0,0,Matches
173,Benjamin Henrichs,"DF,MF",Germany,26,1997,1,0,10,0.1,0,0,0,0,0,0,0,0,0.0,0.0,0.0,0,0,Matches
174,Theo Hernández,DF,France,26,1997,6,6,570,6.3,0,0,0,0,0,0,0,0,0.0,0.0,0.0,0,0,Matches
175,Morten Hjulmand,MF,Denmark,24,1999,3,3,245,2.7,1,0,1,1,0,0,2,0,0.37,0.0,0.37,0.37,0.37,Matches
176,Adam Hložek,"MF,FW",Czechia,21,2002,2,2,108,1.2,0,0,0,0,0,0,0,0,0.0,0.0,0.0,0,0,Matches
177,Tomáš Holeš,DF,Czechia,30,1993,3,3,269,3,0,0,0,0,0,0,1,0,0.0,0.0,0.0,0,0,Matches
178,Arbër Hoxha,MF,Albania,25,1998,3,0,50,0.6,0,0,0,0,0,0,1,0,0.0,0.0,0.0,0,0,Matches
179,Robin Hranáč,DF,Czechia,24,2000,3,3,270,3,0,1,1,0,0,0,0,0,0.0,0.33,0.33,0,0.33,Matches
180,Elseid Hysaj,DF,Albania,29,1994,2,2,180,2,0,0,0,0,0,0,1,0,0.0,0.0,0.0,0,0,Matches
181,Pierre Højbjerg,MF,Denmark,28,1995,4,4,353,3.9,0,0,0,0,0,0,0,0,0.0,0.0,0.0,0,0,Matches
182,Rasmus Højlund,FW,Denmark,20,2003,4,4,286,3.2,0,0,0,0,0,0,0,0,0.0,0.0,0.0,0,0,Matches
183,Ivan Ilić,MF,Serbia,22,2001,3,2,201,2.2,0,1,1,0,0,0,0,0,0.0,0.45,0.45,0,0.45,Matches
184,Josip Iličić,"FW,MF",Slovenia,36,1988,2,0,31,0.3,0,0,0,0,0,0,0,0,0.0,0.0,0.0,0,0,Matches
185,Gonçalo Inácio,DF,Portugal,22,2001,2,1,118,1.3,0,0,0,0,0,0,0,0,0.0,0.0,0.0,0,0,Matches
186,Luka Ivanušec,MF,Croatia,25,1998,1,0,21,0.2,0,0,0,0,0,0,1,0,0.0,0.0,0.0,0,0,Matches
187,Erik Janža,DF,Slovenia,30,1993,3,3,269,3,1,0,1,1,0,0,2,0,0.33,0.0,0.33,0.33,0.33,Matches
188,Jorginho,MF,Italy,32,1991,3,3,215,2.4,0,0,0,0,0,0,0,0,0.0,0.0,0.0,0,0,Matches
189,Joselu,FW,Spain,33,1990,2,1,90,1,0,0,0,0,0,0,0,0,0.0,0.0,0.0,0,0,Matches
190,Diogo Jota,"FW,MF",Portugal,27,1996,3,0,100,1.1,0,0,0,0,0,0,0,0,0.0,0.0,0.0,0,0,Matches
191,Luka Jović,FW,Serbia,26,1997,3,0,102,1.1,1,0,1,1,0,0,1,0,0.88,0.0,0.88,0.88,0.88,Matches
192,Josip Juranović,DF,Croatia,28,1995,2,1,91,1,0,0,0,0,0,0,0,0,0.0,0.0,0.0,0,0,Matches
193,David Jurásek,MF,Czechia,23,2000,2,2,160,1.8,0,0,0,0,0,0,1,0,0.0,0.0,0.0,0,0,Matches
194,Matěj Jurásek,FW,Czechia,20,2003,2,0,46,0.5,0,0,0,0,0,0,0,0,0.0,0.0,0.0,0,0,Matches
195,Ferdi Kadioglu,"DF,MF",Türkiye,24,1999,5,5,450,5,0,0,0,0,0,0,0,0,0.0,0.0,0.0,0,0,Matches
196,İrfan Kahveci,MF,Türkiye,28,1995,1,0,8,0.1,0,0,0,0,0,0,0,0,0.0,0.0,0.0,0,0,Matches
197,Otar Kakabadze,"MF,DF",Georgia,28,1995,4,4,360,4,0,0,0,0,0,0,0,0,0.0,0.0,0.0,0,0,Matches
198,Harry Kane,FW,England,30,1993,7,7,601,6.7,3,0,3,2,1,1,2,0,0.45,0.0,0.45,0.3,0.3,Matches
199,N'Golo Kanté,MF,France,32,1991,6,6,511,5.7,0,0,0,0,0,0,0,0,0.0,0.0,0.0,0,0,Matches
200,Žan Karničnik,DF,Slovenia,29,1994,4,4,390,4.3,1,0,1,1,0,0,1,0,0.23,0.0,0.23,0.23,0.23,Matches
201,Guram Kashia,DF,Georgia,36,1987,4,4,360,4,0,0,0,0,0,0,1,0,0.0,0.0,0.0,0,0,Matches
202,Milos Kerkez,MF,Hungary,20,2003,3,3,237,2.6,0,0,0,0,0,0,0,0,0.0,0.0,0.0,0,0,Matches
203,Semih Kılıçsoy,FW,Türkiye,18,2005,1,0,2,0,0,0,0,0,0,0,0,0,0.0,0.0,0.0,0,0,Matches
204,Joshua Kimmich,DF,Germany,28,1995,5,5,480,5.3,0,2,2,0,0,0,0,0,0.0,0.37,0.37,0,0.37,Matches
205,Otar Kiteishvili,MF,Georgia,27,1996,2,2,130,1.4,0,0,0,0,0,0,0,0,0.0,0.0,0.0,0,0,Matches
206,Jakub Kiwior,DF,Poland,23,2000,3,3,270,3,0,0,0,0,0,0,0,0,0.0,0.0,0.0,0,0,Matches
207,László Kleinheisler,MF,Hungary,29,1994,2,0,51,0.6,0,0,0,0,0,0,1,0,0.0,0.0,0.0,0,0,Matches
208,Giorgi Kochorashvili,MF,Georgia,24,1999,4,4,360,4,0,1,1,0,0,0,1,0,0.0,0.25,0.25,0,0.25,Matches
209,Orkun Kökçü,MF,Türkiye,23,2000,4,3,221,2.5,0,2,2,0,0,0,2,0,0.0,0.81,0.81,0,0.81,Matches
210,Randal Kolo Muani,FW,France,25,1998,5,2,201,2.2,1,0,1,1,0,0,0,0,0.45,0.0,0.45,0.45,0.45,Matches
211,Yukhym Konoplia,DF,Ukraine,24,1999,1,1,71,0.8,0,0,0,0,0,0,1,0,0.0,0.0,0.0,0,0,Matches
212,Ezri Konsa,DF,England,26,1997,3,1,93,1,0,0,0,0,0,0,0,0,0.0,0.0,0.0,0,0,Matches
213,Filip Kostić,MF,Serbia,31,1992,1,1,42,0.5,0,0,0,0,0,0,0,0,0.0,0.0,0.0,0,0,Matches
214,Jules Koundé,DF,France,25,1998,6,6,570,6.3,0,0,0,0,0,0,0,0,0.0,0.0,0.0,0,0,Matches
215,Mateo Kovačić,MF,Croatia,29,1994,3,3,223,2.5,0,0,0,0,0,0,0,0,0.0,0.0,0.0,0,0,Matches
216,Matej Kovar,GK,Czechia,23,2000,1,0,36,0.4,0,0,0,0,0,0,0,0,0.0,0.0,0.0,0,0,Matches
217,Andrej Kramarić,FW,Croatia,32,1991,3,3,243,2.7,1,0,1,1,0,0,0,0,0.37,0.0,0.37,0.37,0.37,Matches
218,Ladislav Krejčí,DF,Czechia,24,1999,3,3,270,3,0,0,0,0,0,0,1,0,0.0,0.0,0.0,0,0,Matches
219,Toni Kroos,MF,Germany,34,1990,5,5,469,5.2,0,0,0,0,0,0,1,0,0.0,0.0,0.0,0,0,Matches
220,Jan Kuchta,FW,Czechia,27,1997,2,1,95,1.1,0,0,0,0,0,0,0,0,0.0,0.0,0.0,0,0,Matches
221,Juraj Kucka,MF,Slovakia,36,1987,4,4,350,3.9,0,1,1,0,0,0,1,0,0.0,0.26,0.26,0,0.26,Matches
222,Jasmin Kurtić,MF,Slovenia,35,1989,1,0,1,0,0,0,0,0,0,0,0,0,0.0,0.0,0.0,0,0,Matches
223,Khvicha Kvaratskhelia,FW,Georgia,22,2001,4,4,342,3.8,1,0,1,1,0,0,0,0,0.26,0.0,0.26,0.26,0.26,Matches
224,Nika Kvekveskiri,"DF,MF",Georgia,31,1992,1,0,12,0.1,0,0,0,0,0,0,0,0,0.0,0.0,0.0,0,0,Matches
225,Giorgi Kvilitaia,FW,Georgia,30,1993,1,0,3,0,0,0,0,0,0,0,0,0,0.0,0.0,0.0,0,0,Matches
226,Saba Kvirkvelia,DF,Georgia,31,1992,3,2,180,2,0,0,0,0,0,0,1,0,0.0,0.0,0.0,0,0,Matches
227,Qazim Laçi,MF,Albania,28,1996,3,2,163,1.8,1,0,1,1,0,0,0,0,0.55,0.0,0.55,0.55,0.55,Matches
228,Konrad Laimer,MF,Austria,26,1997,4,3,270,3,0,0,0,0,0,0,1,0,0.0,0.0,0.0,0,0,Matches
229,Ádám Lang,DF,Hungary,31,1993,1,1,45,0.5,0,0,0,0,0,0,0,0,0.0,0.0,0.0,0,0,Matches
230,Aymeric Laporte,DF,Spain,29,1994,6,6,525,5.8,0,0,0,0,0,0,0,0,0.0,0.0,0.0,0,0,Matches
231,Robin Le Normand,DF,Spain,27,1996,6,5,442,4.9,0,0,0,0,0,0,2,0,0.0,0.0,0.0,0,0,Matches
232,Rafael Leão,"MF,FW",Portugal,24,1999,4,4,287,3.2,0,0,0,0,0,0,2,0,0.0,0.0,0.0,0,0,Matches
233,Robert Lewandowski,FW,Poland,35,1988,2,1,121,1.3,1,0,1,0,1,1,1,0,0.74,0.0,0.74,0,0,Matches
234,Philipp Lienhart,DF,Austria,27,1996,3,3,214,2.4,0,0,0,0,0,0,1,0,0.0,0.0,0.0,0,0,Matches
235,Ondřej Lingr,MF,Czechia,25,1998,3,0,83,0.9,0,0,0,0,0,0,0,0,0.0,0.0,0.0,0,0,Matches
236,Dominik Livaković,GK,Croatia,29,1995,3,3,270,3,0,0,0,0,0,0,0,0,0.0,0.0,0.0,0,0,Matches
237,Stanislav Lobotka,MF,Slovakia,29,1994,4,4,390,4.3,0,0,0,0,0,0,0,0,0.0,0.0,0.0,0,0,Matches
238,Saba Lobzhanidze,"FW,MF",Georgia,29,1994,1,0,9,0.1,0,0,0,0,0,0,0,0,0.0,0.0,0.0,0,0,Matches
239,Luka Lochoshvili,DF,Georgia,25,1998,4,2,170,1.9,0,0,0,0,0,0,0,0,0.0,0.0,0.0,0,0,Matches
240,Fermin López,MF,Spain,20,2003,1,0,29,0.3,0,0,0,0,0,0,0,0,0.0,0.0,0.0,0,0,Matches
241,Romelu Lukaku,FW,Belgium,30,1993,4,4,359,4,0,1,1,0,0,0,0,0,0.0,0.25,0.25,0,0.25,Matches
242,Dodi Lukebakio,MF,Belgium,26,1997,3,1,65,0.7,0,0,0,0,0,0,2,0,0.0,0.0,0.0,0,0,Matches
243,Saša Lukić,MF,Serbia,27,1996,3,3,209,2.3,0,0,0,0,0,0,1,0,0.0,0.0,0.0,0,0,Matches
244,Andriy Lunin,GK,Ukraine,24,1999,1,1,90,1,0,0,0,0,0,0,0,0,0.0,0.0,0.0,0,0,Matches
245,Mike Maignan,GK,France,28,1995,6,6,570,6.3,0,0,0,0,0,0,0,0,0.0,0.0,0.0,0,0,Matches
246,Kobbie Mainoo,MF,England,18,2005,6,4,368,4.1,0,0,0,0,0,0,1,0,0.0,0.0,0.0,0,0,Matches
247,Lovro Majer,FW,Croatia,26,1998,3,2,146,1.6,0,0,0,0,0,0,0,0,0.0,0.0,0.0,0,0,Matches
248,Donyell Malen,MF,Netherlands,25,1999,4,2,190,2.1,2,0,2,2,0,0,1,0,0.95,0.0,0.95,0.95,0.95,Matches
249,Ruslan Malinovskyi,"FW,MF",Ukraine,30,1993,3,0,35,0.4,0,0,0,0,0,0,0,0,0.0,0.0,0.0,0,0,Matches
250,Giorgi Mamardashvili,GK,Georgia,23,2000,4,4,360,4,0,0,0,0,0,0,0,0,0.0,0.0,0.0,0,0,Matches
251,Dennis Man,MF,Romania,25,1998,4,3,266,3,0,2,2,0,0,0,0,0,0.0,0.68,0.68,0,0.68,Matches
252,Rey Manaj,FW,Albania,26,1997,3,2,156,1.7,0,0,0,0,0,0,0,0,0.0,0.0,0.0,0,0,Matches
253,Gianluca Mancini,DF,Italy,27,1996,1,1,90,1,0,0,0,0,0,0,1,0,0.0,0.0,0.0,0,0,Matches
254,Orel Mangala,MF,Belgium,25,1998,4,1,133,1.5,0,0,0,0,0,0,2,0,0.0,0.0,0.0,0,0,Matches
255,Marius Marin,MF,Romania,25,1998,4,4,302,3.4,0,0,0,0,0,0,2,0,0.0,0.0,0.0,0,0,Matches
256,Răzvan Marin,MF,Romania,27,1996,4,4,355,3.9,2,0,2,1,1,1,1,0,0.51,0.0,0.51,0.25,0.25,Matches
257,Ádám Martin,FW,Hungary,29,1994,3,0,45,0.5,0,0,0,0,0,0,0,0,0.0,0.0,0.0,0,0,Matches
258,Mykola Matviyenko,DF,Ukraine,27,1996,3,3,270,3,0,0,0,0,0,0,0,0,0.0,0.0,0.0,0,0,Matches
259,Kylian Mbappé,FW,France,25,1998,5,5,464,5.2,1,1,2,0,1,1,1,0,0.19,0.19,0.39,0,0.19,Matches
260,John McGinn,"MF,FW",Scotland,29,1994,3,3,230,2.6,0,0,0,0,0,0,1,0,0.0,0.0,0.0,0,0,Matches
261,Callum McGregor,MF,Scotland,30,1993,3,3,246,2.7,0,1,1,0,0,0,0,0,0.0,0.37,0.37,0,0.37,Matches
262,Scott McKenna,DF,Scotland,27,1996,3,1,134,1.5,0,0,0,0,0,0,1,0,0.0,0.0,0.0,0,0,Matches
263,Kenny McLean,MF,Scotland,32,1992,3,0,44,0.5,0,0,0,0,0,0,0,0,0.0,0.0,0.0,0,0,Matches
264,Scott McTominay,MF,Scotland,27,1996,3,3,270,3,1,0,1,1,0,0,2,0,0.33,0.0,0.33,0.33,0.33,Matches
265,Anzor Mekvabishvili,MF,Georgia,22,2001,3,2,188,2.1,0,0,0,0,0,0,2,0,0.0,0.0,0.0,0,0,Matches
266,Memphis,FW,Netherlands,29,1994,6,6,457,5.1,1,1,2,1,0,0,0,0,0.2,0.2,0.39,0.2,0.39,Matches
267,Nuno Mendes,DF,Portugal,21,2002,4,4,419,4.7,0,0,0,0,0,0,0,0,0.0,0.0,0.0,0,0,Matches
268,Mikel Merino,MF,Spain,27,1996,7,1,182,2,1,0,1,1,0,0,0,0,0.49,0.0,0.49,0.49,0.49,Matches
269,Valentin Mihaila,MF,Romania,23,2000,3,1,115,1.3,0,0,0,0,0,0,0,0,0.0,0.0,0.0,0,0,Matches
270,Srđan Mijailović,MF,Serbia,30,1993,1,1,72,0.8,0,0,0,0,0,0,0,0,0.0,0.0,0.0,0,0,Matches
271,Georges Mikautadze,FW,Georgia,23,2000,4,4,345,3.8,3,1,4,1,2,2,0,0,0.78,0.26,1.04,0.26,0.52,Matches
272,Nikola Milenković,DF,Serbia,26,1997,3,3,270,3,0,0,0,0,0,0,1,0,0.0,0.0,0.0,0,0,Matches
273,Sergej Milinković-Savić,MF,Serbia,28,1995,3,1,121,1.3,0,0,0,0,0,0,0,0,0.0,0.0,0.0,0,0,Matches
274,Mario Mitaj,DF,Albania,20,2003,3,3,270,3,0,0,0,0,0,0,0,0,0.0,0.0,0.0,0,0,Matches
275,Aleksandar Mitrović,FW,Serbia,29,1994,3,3,240,2.7,0,0,0,0,0,0,1,0,0.0,0.0,0.0,0,0,Matches
276,Maximilian Mittelstädt,DF,Germany,26,1997,4,3,304,3.4,0,1,1,0,0,0,2,0,0.0,0.3,0.3,0,0.3,Matches
277,Filip Mladenović,MF,Serbia,32,1991,3,1,111,1.2,0,0,0,0,0,0,1,0,0.0,0.0,0.0,0,0,Matches
278,Jan Mlakar,MF,Slovenia,25,1998,4,4,295,3.3,0,0,0,0,0,0,0,0,0.0,0.0,0.0,0,0,Matches
279,Jakub Moder,MF,Poland,24,1999,3,1,180,2,0,0,0,0,0,0,1,0,0.0,0.0,0.0,0,0,Matches
280,Luka Modrić,MF,Croatia,38,1985,3,3,233,2.6,1,0,1,1,0,1,1,0,0.39,0.0,0.39,0.39,0.39,Matches
281,Vasile Mogos,DF,Romania,31,1992,1,1,37,0.4,0,0,0,0,0,0,0,0,0.0,0.0,0.0,0,0,Matches
282,Álvaro Morata,FW,Spain,31,1992,7,6,449,5,1,1,2,1,0,0,2,0,0.2,0.2,0.4,0.2,0.4,Matches
283,Lewis Morgan,"FW,MF",Scotland,27,1996,1,0,2,0,0,0,0,0,0,0,0,0,0.0,0.0,0.0,0,0,Matches
284,Ernest Muçi,"FW,MF",Albania,22,2001,2,0,14,0.2,0,0,0,0,0,0,0,0,0.0,0.0,0.0,0,0,Matches
285,Mykhailo Mudryk,MF,Ukraine,23,2001,2,2,174,1.9,0,0,0,0,0,0,0,0,0.0,0.0,0.0,0,0,Matches
286,Mert Müldür,"MF,DF",Türkiye,24,1999,4,4,345,3.8,1,0,1,1,0,0,1,0,0.26,0.0,0.26,0.26,0.26,Matches
287,Thomas Müller,"FW,MF",Germany,34,1989,2,0,58,0.6,0,1,1,0,0,0,0,0,0.0,1.55,1.55,0,1.55,Matches
288,Jamal Musiala,MF,Germany,20,2003,5,5,419,4.7,3,0,3,3,0,0,0,0,0.64,0.0,0.64,0.64,0.64,Matches
289,Phillipp Mwene,DF,Austria,30,1994,3,3,194,2.2,0,1,1,0,0,0,1,0,0.0,0.46,0.46,0,0.46,Matches
290,Vitaliy Mykolenko,DF,Ukraine,24,1999,1,1,57,0.6,0,0,0,0,0,0,0,0,0.0,0.0,0.0,0,0,Matches
291,Joakim Mæhle,MF,Denmark,26,1997,4,3,283,3.1,0,0,0,0,0,0,2,0,0.0,0.0,0.0,0,0,Matches
292,Nacho,DF,Spain,34,1990,4,2,263,2.9,0,0,0,0,0,0,0,0,0.0,0.0,0.0,0,0,Matches
293,Ádám Nagy,MF,Hungary,28,1995,3,2,159,1.8,0,0,0,0,0,0,0,0,0.0,0.0,0.0,0,0,Matches
294,Zsolt Nagy,MF,Hungary,30,1993,2,0,21,0.2,0,0,0,0,0,0,0,0,0.0,0.0,0.0,0,0,Matches
295,Jesús Navas,DF,Spain,38,1985,3,2,157,1.7,0,0,0,0,0,0,1,0,0.0,0.0,0.0,0,0,Matches
296,Dan Ndoye,"MF,FW",Switzerland,23,2000,5,5,407,4.5,1,0,1,1,0,0,1,0,0.22,0.0,0.22,0.22,0.22,Matches
297,Pedro Neto,MF,Portugal,23,2000,3,1,120,1.3,0,0,0,0,0,0,1,0,0.0,0.0,0.0,0,0,Matches
298,Manuel Neuer,GK,Germany,37,1986,5,5,480,5.3,0,0,0,0,0,0,0,0,0.0,0.0,0.0,0,0,Matches
299,João Neves,MF,Portugal,19,2004,2,1,77,0.9,0,0,0,0,0,0,0,0,0.0,0.0,0.0,0,0,Matches
300,Rúben Neves,MF,Portugal,26,1997,4,0,125,1.4,0,0,0,0,0,0,1,0,0.0,0.0,0.0,0,0,Matches
301,Florin Niță,GK,Romania,36,1987,4,4,360,4,0,0,0,0,0,0,0,0,0.0,0.0,0.0,0,0,Matches
302,Matheus Nunes,MF,Portugal,25,1998,2,0,18,0.2,0,0,0,0,0,0,0,0,0.0,0.0,0.0,0,0,Matches
303,Christian Nørgaard,MF,Denmark,29,1994,3,0,38,0.4,0,0,0,0,0,0,1,0,0.0,0.0,0.0,0,0,Matches
304,Adam Obert,DF,Slovakia,21,2002,2,0,25,0.3,0,0,0,0,0,0,0,0,0.0,0.0,0.0,0,0,Matches
305,Jan Oblak,GK,Slovenia,31,1993,4,4,390,4.3,0,0,0,0,0,0,0,0,0.0,0.0,0.0,0,0,Matches
306,Darius Olaru,"FW,MF",Romania,25,1998,2,0,26,0.3,0,0,0,0,0,0,0,0,0.0,0.0,0.0,0,0,Matches
307,Dani Olmo,MF,Spain,25,1998,6,3,432,4.8,3,2,5,3,0,0,1,0,0.62,0.42,1.04,0.62,1.04,Matches
308,Amadou Onana,MF,Belgium,22,2001,4,4,360,4,0,0,0,0,0,0,0,0,0.0,0.0,0.0,0,0,Matches
309,Loïs Openda,FW,Belgium,23,2000,3,1,70,0.8,0,0,0,0,0,0,0,0,0.0,0.0,0.0,0,0,Matches
310,Willi Orban,DF,Hungary,31,1992,3,3,270,3,0,0,0,0,0,0,1,0,0.0,0.0,0.0,0,0,Matches
311,Mikel Oyarzabal,MF,Spain,26,1997,7,1,201,2.2,1,1,2,1,0,0,0,0,0.45,0.45,0.9,0.45,0.9,Matches
312,Salih Özcan,MF,Türkiye,26,1998,4,2,155,1.7,0,0,0,0,0,0,1,0,0.0,0.0,0.0,0,0,Matches
313,João Palhinha,MF,Portugal,28,1995,4,4,299,3.3,0,0,0,0,0,0,2,0,0.0,0.0,0.0,0,0,Matches
314,Cole Palmer,"FW,MF",England,21,2002,5,0,149,1.7,1,1,2,1,0,0,0,0,0.6,0.6,1.21,0.6,1.21,Matches
315,Mario Pašalić,FW,Croatia,28,1995,3,1,116,1.3,0,0,0,0,0,0,0,0,0.0,0.0,0.0,0,0,Matches
316,Strahinja Pavlović,DF,Serbia,22,2001,3,3,270,3,0,0,0,0,0,0,0,0,0.0,0.0,0.0,0,0,Matches
317,Pedri,MF,Spain,21,2002,4,4,186,2.1,0,1,1,0,0,0,0,0,0.0,0.48,0.48,0,0.48,Matches
318,Peter Pekarík,DF,Slovakia,37,1986,4,4,377,4.2,0,0,0,0,0,0,1,0,0.0,0.0,0.0,0,0,Matches
319,Lorenzo Pellegrini,MF,Italy,27,1996,4,3,218,2.4,0,1,1,0,0,0,1,0,0.0,0.41,0.41,0,0.41,Matches
320,Patrick Pentz,GK,Austria,27,1997,4,4,360,4,0,0,0,0,0,0,0,0,0.0,0.0,0.0,0,0,Matches
321,Pepe,DF,Portugal,40,1983,4,4,408,4.5,0,0,0,0,0,0,0,0,0.0,0.0,0.0,0,0,Matches
322,Danilo Pereira,DF,Portugal,32,1991,1,1,90,1,0,0,0,0,0,0,0,0,0.0,0.0,0.0,0,0,Matches
323,Ayoze Pérez,"FW,MF",Spain,30,1993,1,0,13,0.1,0,0,0,0,0,0,0,0,0.0,0.0,0.0,0,0,Matches
324,Ivan Perišić,DF,Croatia,34,1989,3,1,139,1.5,0,0,0,0,0,0,0,0,0.0,0.0,0.0,0,0,Matches
325,Bruno Petković,FW,Croatia,29,1994,2,1,87,1,0,0,0,0,0,1,0,0,0.0,0.0,0.0,0,0,Matches
326,Krzysztof Piątek,FW,Poland,28,1995,1,1,59,0.7,1,0,1,1,0,0,0,0,1.53,0.0,1.53,1.53,1.53,Matches
327,Jordan Pickford,GK,England,29,1994,7,7,690,7.7,0,0,0,0,0,0,0,0,0.0,0.0,0.0,0,0,Matches
328,Jakub Piotrowski,MF,Poland,26,1997,2,1,58,0.6,0,0,0,0,0,0,0,0,0.0,0.0,0.0,0,0,Matches
329,Marin Pongračić,DF,Croatia,26,1997,2,2,180,2,0,0,0,0,0,0,1,0,0.0,0.0,0.0,0,0,Matches
330,Ryan Porteous,DF,Scotland,24,1999,1,1,43,0.5,0,0,0,0,0,0,0,1,0.0,0.0,0.0,0,0,Matches
331,Stefan Posch,DF,Austria,26,1997,4,4,360,4,0,1,1,0,0,0,1,0,0.0,0.25,0.25,0,0.25,Matches
332,Yussuf Poulsen,"FW,MF",Denmark,29,1994,4,0,57,0.6,0,0,0,0,0,0,0,0,0.0,0.0,0.0,0,0,Matches
333,Alexander Prass,DF,Austria,22,2001,4,1,166,1.8,0,1,1,0,0,0,0,0,0.0,0.54,0.54,0,0.54,Matches
334,Lukáš Provod,MF,Czechia,27,1996,3,3,232,2.6,1,0,1,1,0,0,1,0,0.39,0.0,0.39,0.39,0.39,Matches
335,George Pușcaș,FW,Romania,27,1996,2,0,40,0.4,0,0,0,0,0,0,1,0,0.0,0.0,0.0,0,0,Matches
336,Leopold Querfeld,DF,Austria,20,2003,1,0,27,0.3,0,0,0,0,0,0,1,0,0.0,0.0,0.0,0,0,Matches
337,Adrien Rabiot,MF,France,28,1995,5,5,371,4.1,0,0,0,0,0,0,2,0,0.0,0.0,0.0,0,0,Matches
338,Bogdan Racovitan,DF,Romania,23,2000,2,0,57,0.6,0,0,0,0,0,0,0,0,0.0,0.0,0.0,0,0,Matches
339,Predrag Rajković,GK,Serbia,28,1995,3,3,270,3,0,0,0,0,0,0,0,0,0.0,0.0,0.0,0,0,Matches
340,Anthony Ralston,"MF,DF",Scotland,25,1998,3,3,262,2.9,0,0,0,0,0,0,1,0,0.0,0.0,0.0,0,0,Matches
341,Ylber Ramadani,MF,Albania,27,1996,3,3,264,2.9,0,0,0,0,0,0,0,0,0.0,0.0,0.0,0,0,Matches
342,Gonçalo Ramos,FW,Portugal,22,2001,1,0,25,0.3,0,0,0,0,0,0,0,0,0.0,0.0,0.0,0,0,Matches
343,Giacomo Raspadori,FW,Italy,23,2000,2,1,83,0.9,0,0,0,0,0,0,0,0,0.0,0.0,0.0,0,0,Matches
344,Andrei Ratiu,DF,Romania,25,1998,4,4,359,4,0,0,0,0,0,0,0,0,0.0,0.0,0.0,0,0,Matches
345,David Raum,DF,Germany,25,1998,3,2,166,1.8,0,1,1,0,0,0,1,0,0.0,0.54,0.54,0,0.54,Matches
346,David Raya,GK,Spain,28,1995,1,1,90,1,0,0,0,0,0,0,0,0,0.0,0.0,0.0,0,0,Matches
347,Tijjani Reijnders,MF,Netherlands,25,1998,6,6,496,5.5,0,0,0,0,0,0,0,0,0.0,0.0,0.0,0,0,Matches
348,Mateo Retegui,FW,Italy,24,1999,4,1,152,1.7,0,0,0,0,0,0,0,0,0.0,0.0,0.0,0,0,Matches
349,Declan Rice,MF,England,25,1999,7,7,690,7.7,0,1,1,0,0,0,0,0,0.0,0.13,0.13,0,0.13,Matches
350,Fabian Rieder,MF,Switzerland,21,2002,5,3,218,2.4,0,0,0,0,0,0,0,0,0.0,0.0,0.0,0,0,Matches
351,Andrew Robertson,"MF,DF",Scotland,29,1994,3,3,268,3,0,0,0,0,0,0,0,0,0.0,0.0,0.0,0,0,Matches
352,Rodri,MF,Spain,27,1996,6,6,520,5.8,1,0,1,1,0,0,3,0,0.17,0.0,0.17,0.17,0.17,Matches
353,Ricardo Rodríguez,DF,Switzerland,31,1992,5,5,480,5.3,0,0,0,0,0,0,1,0,0.0,0.0,0.0,0,0,Matches
354,Taras Romanchuk,MF,Poland,32,1991,1,1,54,0.6,0,0,0,0,0,0,0,0,0.0,0.0,0.0,0,0,Matches
355,Cristiano Ronaldo,FW,Portugal,38,1985,5,5,485,5.4,0,1,1,0,0,1,1,0,0.0,0.19,0.19,0,0.19,Matches
356,Antonio Rüdiger,DF,Germany,30,1993,5,5,480,5.3,0,0,0,0,0,0,2,0,0.0,0.0,0.0,0,0,Matches
357,Fabián Ruiz Peña,MF,Spain,27,1996,6,6,540,6,2,2,4,2,0,0,1,0,0.33,0.33,0.67,0.33,0.67,Matches
358,Adrian Rus,DF,Romania,27,1996,2,0,21,0.2,0,0,0,0,0,0,0,0,0.0,0.0,0.0,0,0,Matches
359,Marcel Sabitzer,MF,Austria,29,1994,4,4,360,4,1,0,1,1,0,0,0,0,0.25,0.0,0.25,0.25,0.25,Matches
360,Bukayo Saka,MF,England,22,2001,7,7,632,7,1,0,1,1,0,0,1,0,0.14,0.0,0.14,0.14,0.14,Matches
361,Bartosz Salamon,DF,Poland,32,1991,1,1,85,0.9,0,0,0,0,0,0,0,0,0.0,0.0,0.0,0,0,Matches
362,William Saliba,DF,France,22,2001,6,6,570,6.3,0,0,0,0,0,0,1,0,0.0,0.0,0.0,0,0,Matches
363,Roland Sallai,MF,Hungary,26,1997,3,3,266,3,0,1,1,0,0,0,0,0,0.0,0.34,0.34,0,0.34,Matches
364,Lazar Samardzic,MF,Serbia,21,2002,2,1,54,0.6,0,0,0,0,0,0,0,0,0.0,0.0,0.0,0,0,Matches
365,Leroy Sané,MF,Germany,28,1996,5,2,208,2.3,0,0,0,0,0,0,0,0,0.0,0.0,0.0,0,0,Matches
366,Leo Sauer,FW,Slovakia,18,2005,1,0,5,0.1,0,0,0,0,0,0,0,0,0.0,0.0,0.0,0,0,Matches
367,Gianluca Scamacca,FW,Italy,25,1999,4,3,251,2.8,0,0,0,0,0,0,0,0,0.0,0.0,0.0,0,0,Matches
368,András Schäfer,MF,Hungary,24,1999,3,3,270,3,0,0,0,0,0,0,1,0,0.0,0.0,0.0,0,0,Matches
369,Fabian Schär,DF,Switzerland,32,1991,5,5,480,5.3,0,0,0,0,0,0,1,0,0.0,0.0,0.0,0,0,Matches
370,Patrik Schick,FW,Czechia,28,1996,2,2,127,1.4,1,0,1,1,0,0,2,0,0.71,0.0,0.71,0.71,0.71,Matches
371,Nico Schlotterbeck,DF,Germany,24,1999,2,1,120,1.3,0,1,1,0,0,0,1,0,0.0,0.75,0.75,0,0.75,Matches
372,Kasper Schmeichel,GK,Denmark,37,1986,4,4,360,4,0,0,0,0,0,0,0,0,0.0,0.0,0.0,0,0,Matches
373,Romano Schmid,MF,Austria,24,2000,4,2,145,1.6,1,0,1,1,0,0,1,0,0.62,0.0,0.62,0.62,0.62,Matches
374,Jerdy Schouten,MF,Netherlands,27,1997,6,6,500,5.6,0,0,0,0,0,0,1,0,0.0,0.0,0.0,0,0,Matches
375,Ivan Schranz,FW,Slovakia,30,1993,4,4,331,3.7,3,0,3,3,0,0,1,0,0.82,0.0,0.82,0.82,0.82,Matches
376,Taulant Seferi,MF,Albania,27,1996,2,1,94,1,0,0,0,0,0,0,0,0,0.0,0.0,0.0,0,0,Matches
377,Nicolas Seiwald,MF,Austria,22,2001,4,4,360,4,0,0,0,0,0,0,0,0,0.0,0.0,0.0,0,0,Matches
378,Nélson Semedo,"DF,MF",Portugal,30,1993,5,0,100,1.1,0,0,0,0,0,0,0,0,0.0,0.0,0.0,0,0,Matches
379,Benjamin Šeško,FW,Slovenia,20,2003,4,4,358,4,0,0,0,0,0,0,0,0,0.0,0.0,0.0,0,0,Matches
380,Petr Ševčík,MF,Czechia,29,1994,2,0,22,0.2,0,0,0,0,0,0,0,0,0.0,0.0,0.0,0,0,Matches
381,Stephan El Shaarawy,FW,Italy,31,1992,1,1,45,0.5,0,0,0,0,0,0,1,0,0.0,0.0,0.0,0,0,Matches
382,Lawrence Shankland,FW,Scotland,28,1995,3,0,25,0.3,0,0,0,0,0,0,0,0,0.0,0.0,0.0,0,0,Matches
383,Mykola Shaparenko,MF,Ukraine,25,1998,3,3,220,2.4,1,1,2,1,0,0,0,0,0.41,0.41,0.82,0.41,0.82,Matches
384,Xherdan Shaqiri,MF,Switzerland,32,1991,2,1,71,0.8,1,0,1,1,0,0,0,0,1.27,0.0,1.27,1.27,1.27,Matches
385,Luke Shaw,DF,England,28,1995,3,1,178,2,0,0,0,0,0,0,0,0,0.0,0.0,0.0,0,0,Matches
386,Vincent Sierro,MF,Switzerland,28,1995,4,0,38,0.4,0,0,0,0,0,0,1,0,0.0,0.0,0.0,0,0,Matches
387,António Silva,DF,Portugal,20,2003,2,1,73,0.8,0,0,0,0,0,0,0,0,0.0,0.0,0.0,0,0,Matches
388,Bernardo Silva,"MF,FW",Portugal,29,1994,4,4,420,4.7,1,0,1,1,0,0,0,0,0.21,0.0,0.21,0.21,0.21,Matches
389,Unai Simón,GK,Spain,26,1997,6,6,570,6.3,0,0,0,0,0,0,1,0,0.0,0.0,0.0,0,0,Matches
390,Xavi Simons,MF,Netherlands,20,2003,6,5,454,5,1,3,4,1,0,0,2,0,0.2,0.59,0.79,0.2,0.79,Matches
391,Michał Skóraś,MF,Poland,23,2000,1,0,23,0.3,0,0,0,0,0,0,0,0,0.0,0.0,0.0,0,0,Matches
392,Łukasz Skorupski,GK,Poland,32,1991,1,1,90,1,0,0,0,0,0,0,0,0,0.0,0.0,0.0,0,0,Matches
393,Andreas Skov Olsen,MF,Denmark,24,1999,3,1,122,1.4,0,0,0,0,0,0,0,0,0.0,0.0,0.0,0,0,Matches
394,Milan Škriniar,DF,Slovakia,28,1995,4,4,390,4.3,0,0,0,0,0,0,1,0,0.0,0.0,0.0,0,0,Matches
395,Bartosz Slisz,MF,Poland,24,1999,2,1,110,1.2,0,0,0,0,0,0,1,0,0.0,0.0,0.0,0,0,Matches
396,Yann Sommer,GK,Switzerland,35,1988,5,5,480,5.3,0,0,0,0,0,0,0,0,0.0,0.0,0.0,0,0,Matches
397,Deian Sorescu,"DF,FW",Romania,26,1997,2,0,34,0.4,0,0,0,0,0,0,0,0,0.0,0.0,0.0,0,0,Matches
398,Borna Sosa,"DF,MF",Croatia,26,1998,1,0,7,0.1,0,0,0,0,0,0,0,0,0.0,0.0,0.0,0,0,Matches
399,Tomáš Souček,MF,Czechia,28,1995,3,3,270,3,1,0,1,1,0,0,2,0,0.33,0.0,0.33,0.33,0.33,Matches
400,Andraž Šporar,FW,Slovenia,29,1994,4,4,338,3.8,0,0,0,0,0,0,0,0,0.0,0.0,0.0,0,0,Matches
401,Nicolae Stanciu,MF,Romania,30,1993,4,4,353,3.9,1,0,1,1,0,0,1,0,0.25,0.0,0.25,0.25,0.25,Matches
402,Jindřich Staněk,GK,Czechia,27,1996,3,3,234,2.6,0,0,0,0,0,0,0,0,0.0,0.0,0.0,0,0,Matches
403,Josip Stanišić,DF,Croatia,23,2000,2,2,180,2,0,0,0,0,0,0,1,0,0.0,0.0,0.0,0,0,Matches
404,Renato Steffen,"FW,MF",Switzerland,32,1991,1,0,1,0,0,0,0,0,0,0,0,0,0.0,0.0,0.0,0,0,Matches
405,Taras Stepanenko,MF,Ukraine,34,1989,2,1,82,0.9,0,0,0,0,0,0,0,0,0.0,0.0,0.0,0,0,Matches
406,Leonidas Stergiou,DF,Switzerland,21,2002,3,0,48,0.5,0,0,0,0,0,0,0,0,0.0,0.0,0.0,0,0,Matches
407,Petar Stojanović,MF,Slovenia,28,1995,4,4,316,3.5,0,0,0,0,0,0,1,0,0.0,0.0,0.0,0,0,Matches
408,John Stones,DF,England,29,1994,7,7,690,7.7,0,0,0,0,0,0,1,0,0.0,0.0,0.0,0,0,Matches
409,Thomas Strakosha,GK,Albania,28,1995,3,3,270,3,0,0,0,0,0,0,0,0,0.0,0.0,0.0,0,0,Matches
410,Dávid Strelec,FW,Slovakia,22,2001,4,2,182,2,0,1,1,0,0,0,0,0,0.0,0.49,0.49,0,0.49,Matches
411,Callum Styles,MF,Hungary,23,2000,1,1,60,0.7,0,0,0,0,0,0,1,0,0.0,0.0,0.0,0,0,Matches
412,Luka Sučić,FW,Croatia,21,2002,3,1,140,1.6,0,0,0,0,0,0,1,0,0.0,0.0,0.0,0,0,Matches
413,Heorhiy Sudakov,MF,Ukraine,21,2002,3,3,262,2.9,0,0,0,0,0,0,0,0,0.0,0.0,0.0,0,0,Matches
414,Pavel Šulc,MF,Czechia,23,2000,1,1,78,0.9,0,0,0,0,0,0,0,0,0.0,0.0,0.0,0,0,Matches
415,Tomáš Suslov,"FW,MF",Slovakia,21,2002,4,0,126,1.4,0,0,0,0,0,0,1,0,0.0,0.0,0.0,0,0,Matches
416,Josip Šutalo,DF,Croatia,23,2000,3,3,270,3,0,0,0,0,0,0,0,0,0.0,0.0,0.0,0,0,Matches
417,Oleksandr Svatok,DF,Ukraine,29,1994,1,1,80,0.9,0,0,0,0,0,0,0,0,0.0,0.0,0.0,0,0,Matches
418,Karol Świderski,"FW,MF",Poland,27,1997,3,0,90,1,0,0,0,0,0,0,1,0,0.0,0.0,0.0,0,0,Matches
419,Serhiy Sydorchuk,MF,Ukraine,32,1991,1,0,6,0.1,0,0,0,0,0,0,0,0,0.0,0.0,0.0,0,0,Matches
420,Attila Szalai,DF,Hungary,26,1998,2,1,95,1.1,0,0,0,0,0,0,1,0,0.0,0.0,0.0,0,0,Matches
421,Wojciech Szczęsny,GK,Poland,33,1990,2,2,180,2,0,0,0,0,0,0,1,0,0.0,0.0,0.0,0,0,Matches
422,Dominik Szoboszlai,MF,Hungary,23,2000,3,3,270,3,0,1,1,0,0,0,1,0,0.0,0.33,0.33,0,0.33,Matches
423,Sebastian Szymański,MF,Poland,24,1999,2,2,112,1.2,0,0,0,0,0,0,0,0,0.0,0.0,0.0,0,0,Matches
424,Dušan Tadić,MF,Serbia,35,1988,3,1,156,1.7,0,0,0,0,0,0,1,0,0.0,0.0,0.0,0,0,Matches
425,Jonathan Tah,DF,Germany,27,1996,4,4,319,3.5,0,0,0,0,0,0,2,0,0.0,0.0,0.0,0,0,Matches
426,Maksym Talovierov,DF,Ukraine,23,2000,1,0,1,0,0,0,0,0,0,0,0,0,0.0,0.0,0.0,0,0,Matches
427,Aurélien Tchouaméni,MF,France,24,2000,5,5,470,5.2,0,0,0,0,0,0,2,0,0.0,0.0,0.0,0,0,Matches
428,Arthur Theate,DF,Belgium,23,2000,3,3,256,2.8,0,0,0,0,0,0,0,0,0.0,0.0,0.0,0,0,Matches
429,Marcus Thuram,FW,France,26,1997,4,3,260,2.9,0,0,0,0,0,0,0,0,0.0,0.0,0.0,0,0,Matches
430,Youri Tielemans,MF,Belgium,26,1997,3,2,148,1.6,1,0,1,1,0,0,1,0,0.61,0.0,0.61,0.61,0.61,Matches
431,Kieran Tierney,DF,Scotland,26,1997,2,2,136,1.5,0,0,0,0,0,0,0,0,0.0,0.0,0.0,0,0,Matches
432,Ivan Toney,FW,England,27,1996,3,0,45,0.5,0,1,1,0,0,0,0,0,0.0,2.0,2.0,0,2,Matches
433,Ferrán Torres,MF,Spain,23,2000,5,1,155,1.7,1,0,1,1,0,0,1,0,0.58,0.0,0.58,0.58,0.58,Matches
434,Cenk Tosun,"FW,MF",Türkiye,32,1991,2,0,25,0.3,1,0,1,1,0,0,1,0,3.6,0.0,3.6,3.6,3.6,Matches
435,Gernot Trauner,DF,Austria,31,1992,2,1,90,1,1,0,1,1,0,0,0,0,1.0,0.0,1.0,1,1,Matches
436,Kieran Trippier,"DF,MF",England,33,1990,6,6,450,5,0,0,0,0,0,0,2,0,0.0,0.0,0.0,0,0,Matches
437,Leandro Trossard,MF,Belgium,29,1994,3,2,169,1.9,0,0,0,0,0,0,0,0,0.0,0.0,0.0,0,0,Matches
438,Anatolii Trubin,GK,Ukraine,22,2001,2,2,180,2,0,0,0,0,0,0,0,0,0.0,0.0,0.0,0,0,Matches
439,Heorhii Tsitaishvili,MF,Georgia,23,2000,4,2,190,2.1,0,0,0,0,0,0,0,0,0.0,0.0,0.0,0,0,Matches
440,Viktor Tsyhankov,MF,Ukraine,26,1997,1,1,62,0.7,0,0,0,0,0,0,0,0,0.0,0.0,0.0,0,0,Matches
441,Ľubomír Tupta,"FW,MF",Slovakia,25,1998,1,0,12,0.1,0,0,0,0,0,0,0,0,0.0,0.0,0.0,0,0,Matches
442,Oleksandr Tymchyk,DF,Ukraine,27,1997,3,2,199,2.2,0,0,0,0,0,0,0,0,0.0,0.0,0.0,0,0,Matches
443,Deniz Undav,"FW,MF",Germany,27,1996,1,0,7,0.1,0,0,0,0,0,0,1,0,0.0,0.0,0.0,0,0,Matches
444,Dayot Upamecano,DF,France,25,1998,6,6,570,6.3,0,0,0,0,0,0,0,0,0.0,0.0,0.0,0,0,Matches
445,Kacper Urbanski,FW,Poland,19,2004,3,2,148,1.6,0,0,0,0,0,0,0,0,0.0,0.0,0.0,0,0,Matches
446,Virgil van Dijk,DF,Netherlands,32,1991,6,6,540,6,0,0,0,0,0,0,2,0,0.0,0.0,0.0,0,0,Matches
447,Vladyslav Vanat,FW,Ukraine,22,2002,1,0,21,0.2,0,0,0,0,0,0,0,0,0.0,0.0,0.0,0,0,Matches
448,Barnabás Varga,FW,Hungary,30,1994,3,3,249,2.8,1,0,1,1,0,0,1,0,0.36,0.0,0.36,0.36,0.36,Matches
449,Ruben Vargas,"MF,FW",Switzerland,25,1998,5,4,306,3.4,1,1,2,1,0,0,0,0,0.29,0.29,0.59,0.29,0.59,Matches
450,Denis Vavro,DF,Slovakia,27,1996,4,4,390,4.3,0,0,0,0,0,0,1,0,0.0,0.0,0.0,0,0,Matches
451,Joey Veerman,MF,Netherlands,25,1998,6,2,209,2.3,0,0,0,0,0,0,1,0,0.0,0.0,0.0,0,0,Matches
452,Miloš Veljković,DF,Serbia,28,1995,3,3,270,3,0,0,0,0,0,0,0,0,0.0,0.0,0.0,0,0,Matches
453,Micky van de Ven,DF,Netherlands,22,2001,4,0,70,0.8,0,0,0,0,0,0,0,0,0.0,0.0,0.0,0,0,Matches
454,Benjamin Verbič,"FW,MF",Slovenia,30,1993,3,0,74,0.8,0,0,0,0,0,0,0,0,0.0,0.0,0.0,0,0,Matches
455,Bart Verbruggen,GK,Netherlands,21,2002,6,6,540,6,0,0,0,0,0,0,0,0,0.0,0.0,0.0,0,0,Matches
456,Jan Vertonghen,DF,Belgium,36,1987,3,3,270,3,0,0,0,0,0,0,1,0,0.0,0.0,0.0,0,0,Matches
457,Jannik Vestergaard,DF,Denmark,31,1992,4,4,360,4,0,0,0,0,0,0,1,0,0.0,0.0,0.0,0,0,Matches
458,Žan Vipotnik,FW,Slovenia,21,2002,1,0,15,0.2,0,0,0,0,0,0,1,0,0.0,0.0,0.0,0,0,Matches
459,Vitinha,MF,Portugal,23,2000,4,4,358,4,0,0,0,0,0,0,0,0,0.0,0.0,0.0,0,0,Matches
460,Daniel Vivian,DF,Spain,24,1999,2,1,123,1.4,0,0,0,0,0,0,1,0,0.0,0.0,0.0,0,0,Matches
461,Dušan Vlahović,"MF,FW",Serbia,24,2000,3,2,177,2,0,0,0,0,0,0,0,0,0.0,0.0,0.0,0,0,Matches
462,Stefan de Vrij,DF,Netherlands,31,1992,6,6,540,6,1,0,1,1,0,0,0,0,0.17,0.0,0.17,0.17,0.17,Matches
463,Kyle Walker,DF,England,33,1990,7,7,690,7.7,0,0,0,0,0,0,0,0,0.0,0.0,0.0,0,0,Matches
464,Ollie Watkins,"FW,MF",England,28,1995,3,0,62,0.7,1,0,1,1,0,0,1,0,1.45,0.0,1.45,1.45,1.45,Matches
465,Wout Weghorst,FW,Netherlands,31,1992,6,0,138,1.5,1,1,2,1,0,0,1,0,0.65,0.65,1.3,0.65,1.3,Matches
466,Andreas Weimann,"FW,MF",Austria,32,1991,1,0,1,0,0,0,0,0,0,0,0,0,0.0,0.0,0.0,0,0,Matches
467,Silvan Widmer,MF,Switzerland,30,1993,4,3,299,3.3,0,0,0,0,0,0,3,0,0.0,0.0,0.0,0,0,Matches
468,Georginio Wijnaldum,MF,Netherlands,33,1990,3,0,73,0.8,0,0,0,0,0,0,0,0,0.0,0.0,0.0,0,0,Matches
469,Nico Williams,"MF,FW",Spain,21,2002,6,6,492,5.5,2,1,3,2,0,0,0,0,0.37,0.18,0.55,0.37,0.55,Matches
470,Patrick Wimmer,MF,Austria,22,2001,3,1,138,1.5,0,0,0,0,0,0,2,0,0.0,0.0,0.0,0,0,Matches
471,Jonas Wind,"MF,FW",Denmark,24,1999,4,3,193,2.1,0,1,1,0,0,0,1,0,0.0,0.47,0.47,0,0.47,Matches
472,Florian Wirtz,MF,Germany,20,2003,5,3,279,3.1,2,0,2,2,0,0,1,0,0.65,0.0,0.65,0.65,0.65,Matches
473,Maximilian Wöber,DF,Austria,25,1998,3,2,175,1.9,0,0,0,0,0,0,1,0,0.0,0.0,0.0,0,0,Matches
474,Granit Xhaka,MF,Switzerland,31,1992,5,5,480,5.3,0,0,0,0,0,0,1,0,0.0,0.0,0.0,0,0,Matches
475,Lamine Yamal,"MF,FW",Spain,16,2007,7,6,503,5.6,1,4,5,1,0,0,1,0,0.18,0.72,0.89,0.18,0.89,Matches
476,Roman Yaremchuk,FW,Ukraine,28,1995,3,1,121,1.3,1,0,1,1,0,0,1,0,0.74,0.0,0.74,0.74,0.74,Matches
477,Andriy Yarmolenko,MF,Ukraine,34,1989,3,1,104,1.2,0,0,0,0,0,0,0,0,0.0,0.0,0.0,0,0,Matches
478,Yusuf Yazıcı,"FW,MF",Türkiye,27,1997,2,0,57,0.6,0,0,0,0,0,0,0,0,0.0,0.0,0.0,0,0,Matches
479,Kenan Yıldız,"MF,FW",Türkiye,18,2005,5,4,345,3.8,0,0,0,0,0,0,1,0,0.0,0.0,0.0,0,0,Matches
480,Okay Yokuşlu,MF,Türkiye,29,1994,3,0,55,0.6,0,0,0,0,0,0,0,0,0.0,0.0,0.0,0,0,Matches
481,İsmail Yüksek,MF,Türkiye,25,1999,3,2,152,1.7,0,1,1,0,0,0,2,0,0.0,0.59,0.59,0,0.59,Matches
482,Illia Zabarnyi,DF,Ukraine,21,2002,3,3,270,3,0,0,0,0,0,0,0,0,0.0,0.0,0.0,0,0,Matches
483,Mattia Zaccagni,"FW,MF",Italy,28,1995,3,0,82,0.9,1,0,1,1,0,0,0,0,1.1,0.0,1.1,1.1,1.1,Matches
484,Denis Zakaria,MF,Switzerland,27,1996,1,0,23,0.3,0,0,0,0,0,0,0,0,0.0,0.0,0.0,0,0,Matches
485,Nicola Zalewski,"MF,DF",Poland,22,2002,3,3,247,2.7,0,0,0,0,0,0,1,0,0.0,0.0,0.0,0,0,Matches
486,Piotr Zieliński,MF,Poland,29,1994,3,3,253,2.8,0,1,1,0,0,0,0,0,0.0,0.36,0.36,0,0.36,Matches
487,Oleksandr Zinchenko,DF,Ukraine,27,1996,3,2,213,2.4,0,1,1,0,0,0,0,0,0.0,0.42,0.42,0,0.42,Matches
488,Joshua Zirkzee,FW,Netherlands,22,2001,2,0,5,0.1,0,0,0,0,0,0,0,0,0.0,0.0,0.0,0,0,Matches
489,Andrija Živković,MF,Serbia,27,1996,3,3,244,2.7,0,0,0,0,0,0,0,0,0.0,0.0,0.0,0,0,Matches
490,Budu Zivzivadze,FW,Georgia,29,1994,2,0,18,0.2,0,0,0,0,0,0,0,0,0.0,0.0,0.0,0,0,Matches
491,Steven Zuber,"FW,MF",Switzerland,32,1991,2,0,77,0.9,0,0,0,0,0,0,0,0,0.0,0.0,0.0,0,0,Matches
492,Martín Zubimendi,MF,Spain,24,1999,4,1,141,1.6,0,0,0,0,0,0,0,0,0.0,0.0,0.0,0,0,Matches
493,Oleksandr Zubkov,"FW,MF",Ukraine,27,1996,1,0,24,0.3,0,0,0,0,0,0,0,0,0.0,0.0,0.0,0,0,Matches
